PROBE ID,logFC,AveExpr,t,P.Value,adj.P.Val,B,SYMBOL,GENENAME,ENTREZID,threshold
2328273,1.00730945508079,10.3289111519243,6.54705747978121,2.63871435153687e-08,4.77245206176483e-07,8.74322597400323,SERINC2,serine incorporator 2,347735,Up
2333136,2.04451189266815,6.67784626808631,8.03346071399346,1.14844538644865e-10,4.91475875312946e-09,14.0997169801175,CDC20,cell division cycle 20,991,Up
2334602,1.8212048536643,7.85676163159227,5.11594965218845,4.61047697816741e-06,4.1360237646218e-05,3.68890533264841,TSPAN1,tetraspanin 1,10103,Up
2336891,1.12035911373981,6.88105549132769,3.9545024054125,0.000233596488786097,0.00120329799079588,-0.100796915,DIO1,iodothyronine deiodinase 1,1733,Up
2353283,1.26124123627937,5.03637429283584,7.85039178236799,2.23481927460639e-10,8.61481734734872e-09,13.442977105858,VANGL1,VANGL planar cell polarity protein 1,81839,Up
2358993,1.3690271694924,8.14057186984219,9.69405477508826,3.09272082628803e-13,3.19595671865849e-11,19.9384833791619,TUFT1,tuftelin 1,7286,Up
2360700,1.26939466927025,9.28955159890284,11.7553483758428,3.04450538162303e-16,1.04429874242936e-13,26.7573996796248,SLC50A1,solute carrier family 50 member 1,55974,Up
2361257,1.49160060108218,9.14011244251499,7.46885448656714,8.99850663922129e-10,2.74710304626768e-08,12.0694724789722,RAB25,"RAB25, member RAS oncogene family",57111,Up
2364381,1.33278771948679,6.57523093039789,6.43273836339286,4.00956754817865e-08,6.86414512757745e-07,8.33203239320499,RGS4,regulator of G protein signaling 4,5999,Up
2364438,1.51021741108693,5.36160496103969,8.52267364657188,1.95966089139946e-11,1.0650394044591e-09,15.8444942754164,NUF2,NUF2 component of NDC80 kinetochore complex,83540,Up
2372781,1.80683899843731,7.96772830337071,7.62011592583808,5.17629229575941e-10,1.73953484912706e-08,12.6146406866623,RGS1,regulator of G protein signaling 1,5996,Up
2378937,2.40961513680262,7.4175993811497,11.4682617850309,7.73572980443007e-16,2.10211294722605e-13,25.840581360204,DTL,denticleless E3 ubiquitin protein ligase adapter,51514,Up
2379863,1.85663720527134,6.38666703427334,9.87298807090009,1.66165775928122e-13,1.90493484060098e-11,20.5512292327193,CENPF,centromere protein F,1063,Up
2388085,1.12399941243907,6.06464370543158,3.61760771849531,0.000673893074699754,0.00297136627949044,-1.108510388,KMO,kynurenine 3-monooxygenase,8564,Up
2388219,1.23669333137619,5.93977822490096,7.99295434539368,1.33048872782281e-10,5.53908601550319e-09,13.9545600244027,EXO1,exonuclease 1,9156,Up
2398706,1.149534949,8.1003303150408,6.93621760442871,6.33663086919191e-09,1.43937649186567e-07,10.1465996307638,MFAP2,microfibril associated protein 2,4237,Up
2402459,1.04803127759709,8.50154087608929,5.6417555163077,7.09334479180156e-07,8.29164164696464e-06,5.51518943830792,STMN1,stathmin 1,3925,Up
2403261,1.03650487471981,11.0668361466525,4.12865868662674,0.000132904716736901,0.000741537571633948,0.438940345467945,IFI6,interferon alpha inducible protein 6,2537,Up
2404344,1.4901305077534,6.99517419942769,5.7143195361466,5.46236620206541e-07,6.59529031671211e-06,5.77076185061561,NKAIN1,sodium/potassium transporting ATPase interacting 1,79570,Up
2411228,1.36358588526651,6.08132330992784,7.58737445743781,5.834029729677e-10,1.92295956117849e-08,12.4966968396012,STIL,STIL centriolar assembly protein,6491,Up
2412312,1.35905519092443,9.28509793780196,5.21768460335221,3.22054402323941e-06,3.03716343168478e-05,4.03826774432438,TTC39A,tetratricopeptide repeat domain 39A,22996,Up
2413907,1.03476743977441,11.0228616237321,5.8931597706257,2.86208070363227e-07,3.78589293074819e-06,6.40355776634105,DHCR24,24-dehydrocholesterol reductase,1718,Up
2417528,1.61009838321979,5.3044524133992,7.4333814494376,1.02456816034284e-09,3.0791132653373e-08,11.9415285554197,DEPDC1,DEP domain containing 1,55635,Up
2422035,1.09034123159955,6.85120486010264,3.91577431221069,0.000264427542241779,0.00133861882067244,-0.219157893,GBP5,guanylate binding protein 5,115362,Up
2425756,2.44006341050037,6.64728002015238,8.75387800484885,8.5519424009868e-12,5.30244518839776e-10,16.6628183970568,COL11A1,collagen type XI alpha 1 chain,1301,Up
2434124,1.1041955741915,9.23151731550539,4.64558846072285,2.35768514464746e-05,0.000166010901211885,2.10508286553678,H2BC21,H2B clustered histone 21,8349,Up
2437118,1.63402443179649,9.78309933320259,7.11844972925196,3.24804424245407e-09,8.29381691654947e-08,10.8046673277013,MUC1,"mucin 1, cell surface associated",4582,Up
2438282,1.01223437005228,6.68503685082132,8.47956045772025,2.28847340444596e-11,1.21608600393462e-09,15.6914193201737,IQGAP3,IQ motif containing GTPase activating protein 3,128239,Up
2438458,1.47846571104013,8.91180564030268,5.97029021306035,2.16378750306711e-07,3.00486603974827e-06,6.67762210375869,CRABP2,cellular retinoic acid binding protein 2,1382,Up
2440943,1.23099355219759,8.5709510834841,6.55390541200065,2.57336796480504e-08,4.66576624986192e-07,8.76787724696421,FCGR3A,Fc gamma receptor IIIa,2214,Up
2449559,1.53931292946616,5.16593361055718,8.74066028888096,8.96599505019907e-12,5.49722888718473e-10,16.616157253639,ASPM,assembly factor for spindle microtubules,259266,Up
2450345,1.09408412279516,4.82386729681273,6.87199675830692,8.0195349934054e-09,1.75639785810792e-07,9.91475726757243,KIF14,kinesin family member 14,9928,Up
2451200,1.810528589,7.02960687537623,10.3559875702288,3.16417618810228e-14,4.59139742907727e-12,22.1864149395619,UBE2T,ubiquitin conjugating enzyme E2 T,29089,Up
2454532,1.02722023156417,7.63015268727798,10.435888322111,2.41137468335468e-14,3.70643502386243e-12,22.4541827559692,INTS7,integrator complex subunit 7,25896,Up
2469252,1.67436122673928,6.89054071416565,6.88201660251951,7.73018689534713e-09,1.69979164588897e-07,9.95092566528006,RRM2,ribonucleotide reductase regulatory subunit M2,6241,Up
2480961,1.27489102115607,9.01307741048532,4.12180856853373,0.000135912130104038,0.000755444923161612,0.417486942437981,EPCAM,epithelial cell adhesion molecule,4072,Up
2494484,1.23715118311863,6.63706656769048,8.09905478467159,9.05162146371824e-11,3.95308015948218e-09,14.3345757180491,NCAPH,non-SMC condensin I complex subunit H,23397,Up
2570616,1.63967233004758,6.06649474156135,9.9737225425345,1.173127649904e-13,1.4266139614385e-11,20.89456066,BUB1,BUB1 mitotic checkpoint serine/threonine kinase,699,Up
2571457,1.31779766676574,5.48898350919829,9.40422852978879,8.52300443544519e-13,7.47409763460494e-11,18.938398404892,CKAP2L,cytoskeleton associated protein 2 like,150468,Up
2578028,1.13393594551829,8.39513270268633,6.94984765306914,6.02765137860345e-09,1.38058932876629e-07,10.1958121227408,CXCR4,C-X-C motif chemokine receptor 4,7852,Up
2585933,1.85322967920778,4.85585305392047,9.40858473728365,8.39356808387472e-13,7.41971193149263e-11,18.9534975207347,SPC25,SPC25 component of NDC80 kinetochore complex,57405,Up
2592268,1.03627426367294,9.62904164476908,5.57891905095432,8.88979062419394e-07,1.00293788533641e-05,5.29448443318645,STAT1,signal transducer and activator of transcription 1,6772,Up
2598261,1.82005712719055,11.1471648454042,10.3597811953894,3.12356646328499e-14,4.58352142822439e-12,22.1991462300918,FN1,fibronectin 1,2335,Up
2620256,1.23320556300794,5.40189719738668,7.85297126757576,2.21392432157834e-10,8.57882426209434e-09,13.4522426863016,KIF15,kinesin family member 15,56992,Up
2650199,1.12300632645368,7.66300639901019,8.16128663520024,7.22359366531717e-11,3.31342595875042e-09,14.5571550460065,SMC4,structural maintenance of chromosomes 4,10051,Up
2651835,1.21136698293422,6.24637099870433,5.14854071156949,4.11070437712763e-06,3.74816545339504e-05,3.80058984743683,GPR160,G protein-coupled receptor 160,26996,Up
2652675,1.60390176207094,6.49131062233078,9.64182700793144,3.71007776394724e-13,3.7806722991779e-11,19.7589479537177,ECT2,epithelial cell transforming 2,1894,Up
2665572,1.43063037198362,5.39257845596436,8.32669532072684,3.97107435816635e-11,1.93807799772948e-09,15.1475321344637,SGO1,shugoshin 1,151648,Up
2690900,1.15186712540791,5.91721304473908,7.73671561278398,3.38203028638011e-10,1.21836118876453e-08,13.0343443534153,CD80,CD80 molecule,941,Up
2709486,1.00378380186589,7.70460231593416,9.03041816067545,3.19185957859959e-12,2.35758460350858e-10,17.6354454587055,RFC4,replication factor C subunit 4,5984,Up
2711610,2.03523099429646,7.97568655237972,7.92034797404155,1.73243783747618e-10,6.96203647665509e-09,13.6941451704142,LRRC15,leucine rich repeat containing 15,131578,Up
2720251,1.29696496169419,5.55660061289034,6.93426375697776,6.38220198506028e-09,1.44525357914776e-07,10.1395452662079,NCAPG,non-SMC condensin I complex subunit G,64151,Up
2735027,1.75586132631378,9.26785595010239,5.10635786706517,4.76864607883869e-06,4.24950076280641e-05,3.65607899777241,SPP1,secreted phosphoprotein 1,6696,Up
2738378,1.21206969155406,9.45866048179525,3.82677261561108,0.000350861177519839,0.00170330952324419,-0.488762973,NPNT,nephronectin,255743,Up
2749011,1.36477808593406,5.43922671506868,6.24111661595794,8.07483016063167e-08,1.26953633332617e-06,7.64449388829551,TDO2,"tryptophan 2,3-dioxygenase",6999,Up
2752725,1.09891694446119,6.00393820265247,7.49269573665764,8.24696960412498e-10,2.54235361283466e-08,12.1554447592388,NEIL3,nei like DNA glycosylase 3,55247,Up
2773947,2.59827886237931,8.10046916045816,5.60978198425842,7.95726645865104e-07,9.08912257505802e-06,5.40281398278213,CXCL9,C-X-C motif chemokine ligand 9,4283,Up
2773958,2.66189713000884,8.74723511875072,6.86334753385121,8.27799455776505e-09,1.79868645815367e-07,9.88353772185253,CXCL10,C-X-C motif chemokine ligand 10,3627,Up
2773972,2.35357034633336,7.20856433066891,6.9777995904273,5.44033692629246e-09,1.26850906869304e-07,10.2967410324745,CXCL11,C-X-C motif chemokine ligand 11,6373,Up
2779486,1.2287391046858,9.87901723059342,6.46716250566841,3.53511257157791e-08,6.18613685237716e-07,8.45578234080691,H2AZ1,H2A.Z variant histone 1,3015,Up
2780172,1.16082889022005,4.38716129174934,7.63844070938854,4.84118734746389e-10,1.65208332876012e-08,12.6806352969598,CENPE,centromere protein E,1062,Up
2784113,1.39676763244045,7.36102452030636,7.63970216454708,4.81893633199902e-10,1.65208332876012e-08,12.6851778391475,CCNA2,cyclin A2,890,Up
2796510,1.2022908656061,5.83391904193462,8.13920248760892,7.82542934644177e-11,3.50987457155259e-09,14.478196170141,CENPU,centromere protein U,79682,Up
2798915,1.26602501022859,6.21551559622467,7.3287345054047,1.50290629883164e-09,4.29353777696234e-08,11.5639257431934,TRIP13,thyroid hormone receptor interactor 13,9319,Up
2813414,1.19974350069909,6.52573555946839,8.04418476722867,1.10458701929075e-10,4.74864548468921e-09,14.1381315963263,CCNB1,cyclin B1,891,Up
2830638,1.92771822185097,6.37247112257277,8.76131365327048,8.32753433863113e-12,5.20731131612528e-10,16.689061,KIF20A,kinesin family member 20A,10112,Up
2838201,1.08505748991816,7.6211239735113,7.04490501854601,4.25347421943502e-09,1.03795145281579e-07,10.5390692822499,PTTG1,"PTTG1 regulator of sister chromatid separation, securin",9232,Up
2838656,1.13931498700096,4.50018371698482,8.80763262345822,7.05710243495325e-12,4.52382298379018e-10,16.8524248300662,HMMR,hyaluronan mediated motility receptor,3161,Up
2853102,1.25601307930169,9.32718474987604,4.74466943745397,1.6786430125625e-05,0.000124364225343364,2.43396899328199,PRLR,prolactin receptor,5618,Up
2859667,1.45435435753457,5.50750493503362,9.52462833415801,5.58759625211852e-13,5.30123194419744e-11,19.3549693557003,CENPK,centromere protein K,64105,Up
2899102,1.57140880194139,8.7174964720236,4.66651513588094,2.19489127840334e-05,0.000155944970719612,2.17431562980581,H3C3,H3 clustered histone 3,8352,Up
2899176,1.61277506422272,6.10651851227203,8.82110613348005,6.72558974154871e-12,4.34125970091579e-10,16.8999092245818,H2BC5,H2B clustered histone 5,3017,Up
2899206,1.58507566072886,10.1485134097213,8.60058443611462,1.4811901583938e-11,8.53467973204346e-10,16.1207455122608,H2BC7,H2B clustered histone 7,8343,Up
2900051,1.89738175583839,7.78113296471604,8.38904791132214,3.17088241597964e-11,1.59712340636448e-09,15.3695883315701,H3C10,H3 clustered histone 10,8357,Up
2900059,1.96259743618797,9.74036469172192,6.57875247072031,2.34953435751306e-08,4.32766533416067e-07,8.85733921112944,H2BC14,H2B clustered histone 14,8342,Up
2900091,1.52829390394133,9.38901132715453,6.62787149460386,1.96261434599099e-08,3.70172273946939e-07,9.03426746041834,H2AC16,H2A clustered histone 16,8332,Up
2900143,1.04471176901344,5.91029736823371,5.20779972379493,3.33505705370109e-06,3.13113218456966e-05,4.00422937969526,OR2B6,olfactory receptor family 2 subfamily B member 6,26212,Up
2902844,1.48881560585783,8.15244020596772,5.1037030138186,4.8133613577488e-06,4.27895383059002e-05,3.64699670086349,CFB,complement factor B,629,Up
2902958,1.19821478118836,9.77723869531599,3.89810546705559,0.000279764042268138,0.00140494782896737,-0.272949199,C4B,complement C4B (Chido/Rodgers blood group),721,Up
2914777,1.16268779286285,4.76673257315582,6.44392763056319,3.84876874946734e-08,6.65477210876084e-07,8.3722491962446,TTK,TTK protein kinase,7272,Up
2926802,1.06142824591246,8.84528967584648,2.94642941757844,0.004806409334479,0.0157908328699436,-2.94686672,MYB,"MYB proto-oncogene, transcription factor",4602,Up
2927967,1.60884841660948,6.94462675700755,6.84993885364173,8.69523411229479e-09,1.86905076216524e-07,9.83514144231313,ABRACL,ABRA C-terminal like,58527,Up
2944025,1.07518725605959,6.88112848706822,5.35184318042535,2.00122348357877e-06,2.02523816538172e-05,4.50211589836641,TPMT,thiopurine S-methyltransferase,7172,Up
2946215,2.34901067561588,8.83001621481287,7.3191037027257,1.55686732372403e-09,4.41600601320743e-08,11.5291640051812,H3C2,H3 clustered histone 2,8358,Up
2946225,1.23633591486421,3.94242539995537,6.09160677404426,1.39230175493993e-07,2.05503346763201e-06,7.10992094022739,H2BC3,H2B clustered histone 3,3018,Up
2946324,1.45830354997734,8.03133723853524,7.79829626554918,2.70189019692141e-10,1.01486868813033e-08,13.2557813058275,H3C4,H3 clustered histone 4,8351,Up
2946345,1.11792781088391,7.39751379045982,5.95778927007301,2.26420959573669e-07,3.11679283375612e-06,6.63315973047193,H2BC8,H2B clustered histone 8,8339,Up
2946383,1.11186804735801,9.37482751144405,4.62244023880493,2.55153882623064e-05,0.000177840155491332,2.02864770131808,H4C8,H4 clustered histone 8,8365,Up
2946714,1.35926076618323,8.26073113617195,5.8858918312625,2.93843299653934e-07,3.87292507106751e-06,6.37776662314074,H2BC12,H2B clustered histone 12,85236,Up
2947073,1.13399593087018,6.10761214618789,5.85643518652481,3.26915223093097e-07,4.2402657486754e-06,6.27329807006096,H1-5,"H1.5 linker histone, cluster member",3009,Up
2947095,1.31762551671965,5.99521234508416,6.94630284994808,6.10652833065391e-09,1.39566614793941e-07,10.1830131001183,H3C12,H3 clustered histone 12,8356,Up
2947100,1.04090504640976,5.35853903322187,6.40072907470417,4.50750876329521e-08,7.60849504516035e-07,8.2170225350273,H2AC17,H2A clustered histone 17,8336,Up
2949488,1.86034766488727,8.88015430620255,6.67910571890257,1.62665877326446e-08,3.18828016547853e-07,9.2189111817165,SLC44A4,solute carrier family 44 member 4,80736,Up
2950214,1.07233168602314,8.89748693464646,5.44809792065079,1.42003206584918e-06,1.50270797122146e-05,4.83694218623743,TAP1,"transporter 1, ATP binding cassette subfamily B member",6890,Up
2951191,1.02942176495256,9.34193814636373,4.04791779009997,0.000172842698184167,0.000929272259338471,0.187221414804656,SPDEF,SAM pointed domain containing ETS transcription factor,25803,Up
2955673,1.02327129823798,7.77977383405889,3.65453623005516,0.00060130866630599,0.00269450428625024,-1.000560115,ENPP5,ectonucleotide pyrophosphatase/phosphodiesterase family member 5,59084,Up
2961177,1.03993264210501,9.66563429142662,3.92316965968564,0.000258252004221416,0.00131127678544812,-0.196604451,COL12A1,collagen type XII alpha 1 chain,1303,Up
2970942,2.03478631140974,6.43447936635815,8.78687377468421,7.60037783833066e-12,4.80723898274414e-10,16.7792332402408,COL10A1,collagen type X alpha 1 chain,1300,Up
2991150,1.22410758358325,9.68996320628182,5.5781512968395,8.91431774314835e-07,1.00518979428503e-05,5.29179141785564,TSPAN13,tetraspanin 13,27075,Up
2997376,2.39350013953299,6.73530772651586,10.0454145489046,9.16323677649032e-14,1.15252574107045e-11,21.1381801516526,ANLN,"anillin, actin binding protein",54443,Up
3007960,1.2266952413465,9.23476925970286,4.96197545153825,7.90656538007736e-06,6.54499475670864e-05,3.1644313687311,CLDN4,claudin 4,1364,Up
3039791,1.69218715247426,7.55957799515798,3.63631065130826,0.000636142881867409,0.00282928692115246,-1.053918327,AGR2,"anterior gradient 2, protein disulphide isomerase family member",10551,Up
3039830,1.63010069285963,6.2990480880424,3.62191533530379,0.000665013141190654,0.00293809800296015,-1.095951631,AGR3,"anterior gradient 3, protein disulphide isomerase family member",155465,Up
3044129,1.17057243215527,7.61000061192627,8.14302809318623,7.7176774932482e-11,3.48102047753865e-09,14.4918763027439,GGCT,gamma-glutamylcyclotransferase,79017,Up
3047581,2.37984209226143,7.84978877228985,14.5798600040677,5.53559057651147e-20,8.12292561197293e-17,35.1876143457608,INHBA,inhibin subunit beta A,3624,Up
3076868,1.00995940454326,5.54083263370002,6.19118901002313,9.68751664032511e-08,1.48904978191478e-06,7.46577487964012,CLEC5A,C-type lectin domain containing 5A,23601,Up
3078348,1.46486626208527,7.14303406832386,10.3752119475341,2.96373883663407e-14,4.41605347107105e-12,22.2509130278367,EZH2,enhancer of zeste 2 polycomb repressive complex 2 subunit,2146,Up
3079313,1.02727024142174,7.27378225376552,9.87685412566628,1.63956853374013e-13,1.89842285673185e-11,20.5644276789049,CDK5,cyclin dependent kinase 5,1020,Up
3080283,1.00951381020556,6.94795676531575,7.3519861523991,1.38022472544238e-09,3.96607394669872e-08,11.6478444483793,XRCC2,X-ray repair cross complementing 2,7516,Up
3087947,1.48931796026187,5.01077246881805,4.26922897370108,8.36907585490643e-05,0.000496661441473026,0.883028528421819,NAT1,N-acetyltransferase 1,9,Up
3090294,1.4216650542798,6.31689724997595,5.43531397594521,1.4863489501593e-06,1.56162418816021e-05,4.79238035638498,ADAMDEC1,ADAM like decysin 1,27299,Up
3095223,1.03148336446214,6.01363027341935,3.69319245493478,0.00053337223608798,0.00243771932901423,-0.886872418,IDO1,"indoleamine 2,3-dioxygenase 1",3620,Up
3097152,1.1894827757885,8.16355430011393,9.25189286551047,1.45728602096717e-12,1.19687770923539e-10,18.4091327854757,MCM4,minichromosome maintenance complex component 4,4173,Up
3102372,1.72283593843972,8.66089826967457,11.7874696975229,2.74466825244474e-16,1.00688154840935e-13,26.8592939367553,SULF1,sulfatase 1,23213,Up
3107548,1.52841431382546,9.09236060925533,6.9523465282448,5.97266088880416e-09,1.3708471201613e-07,10.2048347524277,ESRP1,epithelial splicing regulatory protein 1,54845,Up
3107828,1.10832839443339,7.75445030499095,4.92401472861438,9.02451755451439e-06,7.32443421432213e-05,3.03597331496992,PLEKHF2,pleckstrin homology and FYVE domain containing 2,79666,Up
3109687,1.24378317764473,8.29315364574971,5.8699702459039,3.11283577571807e-07,4.05904195849114e-06,6.32128800094546,GRHL2,grainyhead like transcription factor 2,79977,Up
3110317,1.34151637736233,7.71057485960973,7.50963085087281,7.75166819756611e-10,2.41674176624118e-08,12.2165038674864,CTHRC1,collagen triple helix repeat containing 1,115908,Up
3114832,1.50746255146641,7.98343655203169,7.85055034473973,2.23352915774995e-10,8.61481734734872e-09,13.4435466754231,SQLE,squalene epoxidase,6713,Up
3116839,1.26405599770775,6.73425390674097,9.70462770580627,2.98095498867155e-13,3.12756488964238e-11,19.9747910423194,CCN4,cellular communication network factor 4,8840,Up
3125571,1.48092000060698,8.14756116736351,5.99615426813838,1.96985328713288e-07,2.7722788173326e-06,6.76966459322644,MSR1,macrophage scavenger receptor 1,4481,Up
3129149,1.65220163737548,5.01024430581943,7.54180546976456,6.89131936261821e-10,2.19197731922817e-08,12.332485827654,PBK,PDZ binding kinase,55872,Up
3135567,1.40381169641406,5.81130565627749,6.57882329253239,2.34892497063399e-08,4.32766533416067e-07,8.85759424314157,LYPLA1,lysophospholipase 1,10434,Up
3141857,1.64221854174432,8.91180131357839,6.83923153278123,9.04345888864953e-09,1.94011280310005e-07,9.79649764358939,TPD52,tumor protein D52,7163,Up
3145107,2.11408743854851,5.96375787346748,10.3683201574195,3.03407506894642e-14,4.48208230487111e-12,22.2277962188669,CCNE2,cyclin E2,9134,Up
3146433,1.55034611712389,9.7691231697968,5.9590228563913,2.25409749421664e-07,3.10481476503145e-06,6.63754652595079,COX6C,cytochrome c oxidase subunit 6C,1345,Up
3146898,1.04746115595675,8.30632702412131,7.55456841552181,6.57717888565753e-10,2.10728216087639e-08,12.3784846225089,YWHAZ,tyrosine 3-monooxygenase/tryptophan 5-monooxygenase activation protein zeta,7534,Up
3149843,1.06181248796455,8.75767525470978,8.13875867025111,7.83802737164033e-11,3.50987457155259e-09,14.4766090469851,RAD21,RAD21 cohesin complex component,5885,Up
3151534,1.46730257863894,6.97034999737366,6.33258251735785,5.78237171026518e-08,9.50528631177348e-07,7.97237518514318,ATAD2,ATPase family AAA domain containing 2,29028,Up
3153298,1.03087803147623,5.16348682299565,3.96671771189228,0.000224613588819219,0.00116493159837413,-0.063335713,GSDMC,gasdermin C,56169,Up
3157660,1.35469241782476,8.86008151733638,8.56211994681605,1.70060230298019e-11,9.42870460727883e-10,15.9844214777006,GFUS,GDP-L-fucose synthase,7264,Up
3168508,1.53201640143958,5.04661351457663,8.50202158495682,2.11077515003028e-11,1.13337298576889e-09,15.7711864734503,MELK,maternal embryonic leucine zipper kinase,9833,Up
3173479,1.22654434445236,6.36639046609094,4.50677208342256,3.77904289907225e-05,0.000249941446068147,1.6491018276699,FOXD4L3,forkhead box D4 like 3,286380,Up
3176999,1.03834865944439,6.06460684856816,9.76047459870106,2.45476324677513e-13,2.66166472043189e-11,20.1663606428617,RMI1,RecQ mediated genome instability 1,80010,Up
3178583,2.55649029312031,7.36493982036053,10.0565454751955,8.81887643422208e-14,1.11558786892909e-11,21.175949903703,CKS2,CDC28 protein kinase regulatory subunit 2,1164,Up
3179359,1.15458430060411,7.30005867884894,5.75052503765635,4.79368655564166e-07,5.89462764113009e-06,5.89854536522604,CENPP,centromere protein P,401541,Up
3214845,1.02143711714618,8.63332669096009,2.67769878563765,0.00990402194335563,0.0288700075480335,-3.608799553,ASPN,asporin,54829,Up
3234277,1.44019528083691,9.95935385062463,5.29724762731919,2.42960864805272e-06,2.38103811007518e-05,4.31294129338012,GATA3,GATA binding protein 3,2625,Up
3240452,1.17209968642883,7.95093085961174,3.49832277495213,0.000970003600235687,0.00405984963772347,-1.452705562,BAMBI,BMP and activin membrane bound inhibitor,25805,Up
3243846,1.04702483678396,6.95207379024961,4.42392152672661,4.9958442852794e-05,0.000316864964548527,1.3797918229387,RET,ret proto-oncogene,5979,Up
3248289,2.27848444409067,5.25742426005927,9.63867867957539,3.75104184526687e-13,3.78971731919151e-11,19.7481156747057,CDK1,cyclin dependent kinase 1,983,Up
3252036,1.03389775835844,8.5821940416808,5.09287642848052,5.00002778738269e-06,4.41812973215899e-05,3.60997461051179,PLAU,"plasminogen activator, urokinase",5328,Up
3258168,1.81561619579868,4.98339777337874,9.9373666607178,1.33001030407765e-13,1.59971895098652e-11,20.7707865191432,KIF11,kinesin family member 11,3832,Up
3258444,1.71906038412598,5.24432434596464,9.01762123091275,3.34027209324946e-12,2.4363324047029e-10,17.5905942549959,CEP55,centrosomal protein 55,55165,Up
3258910,1.24376248609649,5.52147178788828,7.3071691056914,1.62643729046197e-09,4.59557268297284e-08,11.4860847965188,HELLS,"helicase, lymphoid specific",3070,Up
3290210,1.21198797614785,6.30079822888456,9.55290272704128,5.06128806247529e-13,4.92938104173202e-11,19.4525682720916,ZWINT,ZW10 interacting kinetochore protein,11130,Up
3292413,1.15872452671927,7.17250127051667,4.22024458507043,9.83965055943689e-05,0.000571754351805083,0.727458409620204,DNAJC12,DnaJ heat shock protein family (Hsp40) member C12,56521,Up
3299469,1.26660727459272,5.5507188906303,6.87362556205186,7.97177275053047e-09,1.74767619533791e-07,9.92063660938241,ANKRD22,ankyrin repeat domain 22,118932,Up
3312490,2.1439613576716,6.675671621,9.78148549072919,2.2820015713494e-13,2.49896201925232e-11,20.238341759342,MKI67,marker of proliferation Ki-67,4288,Up
3320717,1.00610321193021,8.06614042906737,6.89154395814982,7.46474610640639e-09,1.65132187485539e-07,9.98531783388749,MICAL2,"microtubule associated monooxygenase, calponin and LIM domain containing 2",9645,Up
3331903,2.07162106888015,5.97916350163675,9.39814679862447,8.70708582288944e-13,7.56027624524426e-11,18.9173150560567,FAM111B,FAM111 trypsin like peptidase B,374393,Up
3332334,1.00049722677684,7.18335952803131,4.04842207423953,0.000172560462230985,0.000928208292806992,0.188785701338667,MS4A14,membrane spanning 4-domains A14,84689,Up
3333247,1.45453646515695,8.64157303596516,4.29605753656255,7.65663051369768e-05,0.000460590582773981,0.968594772535003,FADS2,fatty acid desaturase 2,9415,Up
3336238,1.13479968193919,8.41549974319051,10.3500395327056,3.22892502360523e-14,4.61505640873861e-12,22.1664499282287,DPP3,dipeptidyl peptidase 3,10072,Up
3342426,1.16422849473213,5.80208084967031,7.14469983430468,2.9500148992678e-09,7.62121806898869e-08,10.8994652348627,DDIAS,DNA damage induced apoptosis suppressor,220042,Up
3354799,1.3922514892527,5.91557706449886,8.95573139232785,4.16233499727652e-12,2.90848113095408e-10,17.3734600246508,CHEK1,checkpoint kinase 1,1111,Up
3365776,1.42376633612308,5.94636411286473,8.05179985767309,1.07446886190642e-10,4.64639177198864e-09,14.1654055534592,E2F8,E2F transcription factor 8,79733,Up
3367338,1.49030929676447,4.91728951320034,7.26732605767549,1.882047953414e-09,5.17175499408183e-08,11.3422518038887,KIF18A,kinesin family member 18A,81930,Up
3371225,1.07270909068344,6.57542744570195,4.05580733600639,0.000168477839388368,0.000909294562182494,0.211706215979328,CHST1,carbohydrate sulfotransferase 1,8534,Up
3380697,1.00516829675641,8.02680234035726,5.63426842751288,7.286914970463e-07,8.4639728451114e-06,5.48886175499319,DHCR7,7-dehydrocholesterol reductase,1717,Up
3381317,1.32708620068536,9.13956417025025,6.86043306047684,8.36694836420104e-09,1.81264665791761e-07,9.87301816612875,STARD10,StAR related lipid transfer domain containing 10,10809,Up
3388807,2.04529036970708,5.47177631619263,6.2780013663953,7.05785244765472e-08,1.12572746540093e-06,7.77664534239892,MMP1,matrix metallopeptidase 1,4312,Up
3388859,1.1607735865077,5.32961716801916,4.26461057038425,8.49805520080205e-05,0.000503094924757542,0.868324315795671,MMP12,matrix metallopeptidase 12,4321,Up
3388893,2.13147171504804,6.10568616889048,6.30538044305333,6.38641616074366e-08,1.03589835014096e-06,7.87480227712513,MMP13,matrix metallopeptidase 13,4322,Up
3394412,1.12937666902206,8.64426446697271,5.27400451309521,2.63838485811108e-06,2.55717697542417e-05,4.23257292396491,THY1,Thy-1 cell surface antigen,7070,Up
3401099,1.02480612917652,9.12424008170317,6.76902904691078,1.169858463161e-08,2.42464732887353e-07,9.54318989672985,FKBP4,FKBP prolyl isomerase 4,2288,Up
3401804,1.16190079235883,5.92497505175461,6.98739553846885,5.25220133542034e-09,1.2363647416578e-07,10.3313917132497,RAD51AP1,RAD51 associated protein 1,10635,Up
3405587,1.9868004356507,8.91830980221738,8.73824084697012,9.04394313949318e-12,5.52961756787179e-10,16.6076145015618,GPRC5A,G protein-coupled receptor class C group 5 member A,9052,Up
3413604,1.08570797049183,8.46600612985166,8.99645052312116,3.60122833547418e-12,2.59041297033079e-10,17.5163598879941,CACNB3,calcium voltage-gated channel auxiliary subunit beta 3,784,Up
3413787,1.24275760916837,8.5348481095151,9.13188266191971,2.22735095757714e-12,1.7286023612902e-10,17.9905000473657,TUBA1C,tubulin alpha 1c,84790,Up
3414885,1.28061432234863,7.05251874913098,5.55499438372346,9.68643345096022e-07,1.07684425753092e-05,5.21060711455686,SLC4A8,solute carrier family 4 member 8,9498,Up
3417249,1.09879998479018,9.03202382905729,4.71025003969844,1.88939872446178e-05,0.000137388686237622,2.31940730869345,ERBB3,erb-b2 receptor tyrosine kinase 3,2065,Up
3417703,1.32563668098037,5.16399299406538,8.49985389442082,2.12730144281418e-11,1.13927085298742e-09,15.76348997,HSD17B6,hydroxysteroid 17-beta dehydrogenase 6,8630,Up
3428268,1.19763032249029,7.08466512049004,6.32296264716474,5.98918925223151e-08,9.77952853344716e-07,7.93786340937712,GAS2L3,growth arrest specific 2 like 3,283431,Up
3432514,1.33619624661984,8.5293033447336,5.36731727730596,1.8940120582994e-06,1.93542708520093e-05,4.55583314385767,OAS2,2'-5'-oligoadenylate synthetase 2,4939,Up
3434393,1.16693266900679,8.70412217924616,9.71015071702524,2.9242013515415e-13,3.10940077047247e-11,19.9937521644403,DYNLL1,dynein light chain LC8-type 1,8655,Up
3435362,1.08840839029501,6.92223148610948,9.00638881517774,3.47626137162717e-12,2.51697332404229e-10,17.5512134982348,KNTC1,kinetochore associated 1,9735,Up
3440598,1.47566223907568,6.96033219077206,7.66745289087893,4.35457104019729e-10,1.52382294381212e-08,12.7850942868241,FOXM1,forkhead box M1,2305,Up
3444043,2.65439975465165,7.7264413355888,12.0962557717132,1.01995954884568e-16,4.31737108262351e-14,27.8317399667938,OLR1,oxidized low density lipoprotein receptor 1,4973,Up
3445768,1.25734627078497,8.29480187251107,4.60866114111206,2.67424629672996e-05,0.000185336382989053,1.98322353407464,ERP27,endoplasmic reticulum protein 27,121506,Up
3453348,1.00683108538009,6.97437869354147,5.33829586122213,2.09999303757854e-06,2.11353208734071e-05,4.45512293046164,RND1,Rho family GTPase 1,27289,Up
3454223,1.19770334005888,7.64087656532544,8.11940664456251,8.40763370314772e-11,3.71607279999969e-09,14.407392875151,RACGAP1,Rac GTPase activating protein 1,29127,Up
3454892,1.14423878084316,8.44224873701328,5.41339275727563,1.60726658588098e-06,1.67269715469628e-05,4.71603290217462,GALNT6,polypeptide N-acetylgalactosaminyltransferase 6,11226,Up
3465207,1.03156448669464,4.64138539650675,4.11963401819462,0.000136880540813067,0.000759149243965886,0.410680353243695,EPYC,epiphycan,1833,Up
3466369,1.07944443737162,7.3012459136484,5.58937066916601,8.5624696189221e-07,9.68989813789688e-06,5.33115391618257,FGD6,"FYVE, RhoGEF and PH domain containing 6",55785,Up
3476012,1.0711326133665,6.82812324467763,9.86591196233571,1.70286926737597e-13,1.94206504892292e-11,20.5270673913981,MPHOSPH9,M-phase phosphoprotein 9,10198,Up
3490655,1.15375308857997,6.9427554854936,7.56610378928155,6.30562558961754e-10,2.04408136749737e-08,12.4200547580307,CKAP2,cytoskeleton associated protein 2,26586,Up
3504193,1.50194197636164,6.62662654695332,9.42298234707706,7.97970647749407e-13,7.08231126113395e-11,19.0033869316715,GJB2,gap junction protein beta 2,2706,Up
3504617,1.38419298991682,5.03625138111798,8.21446023113433,5.9584095399507e-11,2.79638704443187e-09,14.7471418847253,SKA3,spindle and kinetochore associated complex subunit 3,221150,Up
3510066,1.30289003965182,10.5253695487921,4.25496044243586,8.77382337588765e-05,0.000516779840317535,0.837624376164745,POSTN,periostin,10631,Up
3515965,1.32944131265195,5.04595317225155,6.78450977575938,1.10530445622453e-08,2.31924274413328e-07,9.59903842693813,DIAPH3,diaphanous related formin 3,81624,Up
3527514,1.13689292368966,8.98859302515238,6.16370847341945,1.07080395658601e-07,1.62772554478003e-06,7.36749059548703,PNP,purine nucleoside phosphorylase,4860,Up
3536336,1.49500603000877,5.77486198299342,7.63402240232521,4.91993850030909e-10,1.67169341936471e-08,12.6647243709978,CDKN3,cyclin dependent kinase inhibitor 3,1033,Up
3554851,1.49667544195693,8.38329861396349,5.24632482388475,2.91020705235873e-06,2.78023296134844e-05,4.13699957407532,CRIP1,cysteine rich protein 1,1396,Up
3557048,1.00578843820386,8.69284962153425,6.80881165815813,1.01107040771929e-08,2.14399525475042e-07,9.68672180402099,PSMB5,proteasome 20S subunit beta 5,5693,Up
3561703,1.14124458814786,9.67622871910803,4.06098891800069,0.000165669386428434,0.000895737868994414,0.227800301614402,FOXA1,forkhead box A1,3169,Up
3563395,1.12791892652255,5.81394556217657,7.20820856356762,2.3373193125871e-09,6.24353584822264e-08,11.1288024668577,POLE2,"DNA polymerase epsilon 2, accessory subunit",5427,Up
3565571,1.04206813463265,6.06439841222726,8.50197360545343,2.11113954007199e-11,1.13337298576889e-09,15.771016123619,WDHD1,WD repeat and HMG-box DNA binding protein 1,11169,Up
3565663,1.8207491441129,5.39987622873546,9.35292955377618,1.0207574392429e-12,8.64149692122132e-11,18.7604392308367,DLGAP5,DLG associated protein 5,9787,Up
3587457,1.65505882006172,5.67610694710834,7.25701468510363,1.95451659678054e-09,5.33096218237131e-08,11.3050244008796,ARHGAP11A,Rho GTPase activating protein 11A,9824,Up
3587553,1.2102950841533,8.30064726251941,3.73280174445602,0.00047142250503837,0.00219005503554233,-0.76966469,GREM1,"gremlin 1, DAN family BMP antagonist",26585,Up
3589697,1.80526281404775,5.99400023207098,9.97947401438729,1.15007967141371e-13,1.40635575819374e-11,20.9141273901884,BUB1B-PAK6,BUB1B-PAK6 readthrough,106821730,Up
3590014,1.63804342677408,5.57095387527029,9.88664835863846,1.5849252828865e-13,1.86555028885641e-11,20.5978567502818,KNL1,kinetochore scaffold 1,57082,Up
3590388,2.2712748891816,6.68780968089607,10.7223778986714,9.16125628002709e-15,1.65285583589899e-12,23.40770425,NUSAP1,nucleolar and spindle associated protein 1,51203,Up
3591704,1.10470545254989,6.6701689370498,9.43992519259781,7.51895197801246e-13,6.72762812959481e-11,19.0620675694058,WDR76,WD repeat domain 76,79968,Up
3593575,1.5063119624067,6.25650055516103,4.34814668115502,6.43796048042443e-05,0.000395826670767101,1.13544042771943,SLC27A2,solute carrier family 27 member 2,11001,Up
3595979,1.90866882156208,5.28198037778969,8.39054716834594,3.15378335015982e-11,1.59215425046715e-09,15.3749241550023,CCNB2,cyclin B2,9133,Up
3599811,1.36524358397182,6.01447982750457,8.57771557190507,1.60794910842986e-11,9.09834648474283e-10,16.0397092124574,KIF23,kinesin family member 23,9493,Up
3604147,1.01119832237422,5.87375227081622,6.52128371496187,2.89985044473886e-08,5.19354012523572e-07,8.65046435936486,CEMIP,cell migration inducing hyaluronidase 1,57214,Up
3607510,1.58378551194801,6.67915904869025,7.70746091966778,3.76295241481537e-10,1.33590880004034e-08,12.9290913396683,FANCI,FA complementation group I,55215,Up
3607537,1.53656626987657,6.47412318649301,8.01406711906826,1.23225136279694e-10,5.1799028428374e-09,14.0302304609161,FANCI,FA complementation group I,55215,Up
3607698,1.13448708626622,6.87341139077775,6.71830817118661,1.40893493934484e-08,2.80906403531877e-07,9.36025267446214,TICRR,TOPBP1 interacting checkpoint and replication regulator,90381,Up
3608298,1.12698077597269,5.43535687485007,7.45250182178521,9.55332053064062e-10,2.89639308815331e-08,12.0104956810389,BLM,BLM RecQ like helicase,641,Up
3628498,1.02757738187105,9.43378571796318,2.74167959321366,0.00836808185397872,0.0251053054248497,-3.455440609,CA12,carbonic anhydrase 12,771,Up
3629103,2.29426744045947,5.77861537523575,9.5042053499835,6.00180288342202e-13,5.64554201995736e-11,19.2844180905125,PCLAF,PCNA clamp associated factor,9768,Up
3638760,1.13048083761201,9.39794893840204,7.46898018539967,8.99436949203643e-10,2.74710304626768e-08,12.0699257922828,IDH2,isocitrate dehydrogenase (NADP(+)) 2,3418,Up
3639031,1.76899749042607,7.0484759895742,9.70229805565626,3.00522624698546e-13,3.13496155395463e-11,19.9667920578121,PRC1,protein regulator of cytokinesis 1,9055,Up
3645477,1.00636505205725,7.9869700949936,7.58727714495857,5.83610462195067e-10,1.92295956117849e-08,12.4963462388859,PAQR4,progestin and adipoQ receptor family member 4,124222,Up
3653072,1.76985123805914,7.77832361962994,9.13150225,2.2303533260934e-12,1.7286023612902e-10,17.9891707581949,PLK1,polo like kinase 1,5347,Up
3669634,1.41635136564396,6.01396666282652,2.55921223406537,0.0134479252252816,0.0372939753223729,-3.885526957,CLEC3A,C-type lectin domain family 3 member A,10143,Up
3688254,1.12488641552555,8.55759899574136,6.2127033215054,8.956625098515e-08,1.38918420529821e-06,7.54276308539998,PRSS8,serine protease 8,5652,Up
3703112,1.45376973195848,7.36738466565442,8.1989758285405,6.30192262512392e-11,2.95055354774759e-09,14.6918357728722,GINS2,GINS complex subunit 2,51659,Up
3703885,1.2181617705253,7.80579605334015,5.54210686046222,1.01444437142177e-06,1.11868412121065e-05,5.16546127678755,SLC7A5,solute carrier family 7 member 5,8140,Up
3715489,1.081353608,7.02030546955347,5.32472196221688,2.20378291886724e-06,2.1949079559813e-05,4.40807146053609,TMEM97,transmembrane protein 97,27346,Up
3720896,1.76528972787362,5.40999209025104,8.13849810590369,7.8454331434459e-11,3.50987457155259e-09,14.4756772441864,CDC6,cell division cycle 6,990,Up
3726934,1.2188955015176,8.75391293737675,7.33236983005381,1.48302838906458e-09,4.24485537993504e-08,11.5770468011422,NME1,NME/NM23 nucleoside diphosphate kinase 1,4830,Up
3728964,1.64435866677954,6.33075651030587,7.59299153759903,5.71550813026941e-10,1.89179021737383e-08,12.5169337117753,PRR11,proline rich 11,55771,Up
3732092,1.33965311750722,8.08411558167278,5.34005223630861,2.08692109655381e-06,2.10229840989684e-05,4.4612135595353,CACNG4,calcium voltage-gated channel auxiliary subunit gamma 4,27092,Up
3734453,1.25548368356067,10.1915781463953,7.19192222903677,2.48109425857056e-09,6.57968261751767e-08,11.0699932319911,NHERF1,NHERF family PDZ scaffold protein 1,9368,Up
3743551,1.33392245865926,9.94616543140164,6.77532989179114,1.14314166617263e-08,2.38048166642627e-07,9.56592021202312,CLDN7,claudin 7,1366,Up
3750785,1.13289782291386,6.22574091691588,8.58808916149819,1.54915004559127e-11,8.87977647226808e-10,16.0764735186645,SPAG5,sperm associated antigen 5,10615,Up
3751042,1.45761051486353,6.48312568600299,8.02365409890393,1.19008172343748e-10,5.04718474269409e-09,14.0645829283735,TLCD1,TLC domain containing 1,116238,Up
3756193,2.50950666148425,6.30029831018358,9.47250785733062,6.70689834658899e-13,6.15106414611543e-11,19.1748294305238,TOP2A,DNA topoisomerase II alpha,7153,Up
3757108,1.53722157744962,10.786216875417,7.74021335583649,3.33915698026796e-10,1.20488826709308e-08,13.0469262169197,KRT19,keratin 19,3880,Up
3762198,1.201152315,10.8111028479069,4.88149604732947,1.04616747541131e-05,8.28912609837236e-05,2.89250882265151,COL1A1,collagen type I alpha 1 chain,1277,Up
3765580,1.82992447257512,6.23656802449535,8.29859678186326,4.39530538973955e-11,2.12626520733093e-09,15.0473741316838,BRIP1,BRCA1 interacting DNA helicase 1,83990,Up
3766153,1.02832557704041,8.15285864621275,6.43268163365588,4.0103996338488e-08,6.86414512757745e-07,8.33182851108621,CYB561,cytochrome b561,1534,Up
3767169,1.05188097298489,6.97772710455289,5.50918797358399,1.14139553394075e-06,1.24188122083885e-05,5.05026234674206,LRRC37A3,leucine rich repeat containing 37 member A3,374819,Up
3768412,1.71297124145166,7.25414811622856,5.18029555502425,3.6752413697801e-06,3.40387463966043e-05,3.90962339645342,SLC16A6,solute carrier family 16 member 6,9120,Up
3770606,1.55208167582629,8.37923918710572,9.65829994967662,3.50298691523522e-13,3.59698683394781e-11,19.8156074541394,JPT1,Jupiter microtubule associated homolog 1,51155,Up
3772158,1.15634686130343,7.36585509913471,8.75202719467234,8.60874013140577e-12,5.30775851631296e-10,16.6562855886875,TK1,thymidine kinase 1,7083,Up
3772775,1.01982353908512,8.10039788191043,8.08530417640913,9.51456902442478e-11,4.13883752562478e-09,14.2853630095132,CANT1,calcium activated nucleotidase 1,124583,Up
3775842,1.02752765412526,7.32205998803248,6.23407281787912,8.28502363883185e-08,1.29610273855244e-06,7.61926860607394,TYMS,thymidylate synthetase,7298,Up
3776139,1.22410855628362,4.43922368954521,7.55504932520754,6.5656269669301e-10,2.10664745144458e-08,12.3802177650869,NDC80,NDC80 kinetochore complex component,10403,Up
3778504,1.16526974612946,10.8611429796271,7.46960581703397,8.97380631812036e-10,2.74710304626768e-08,12.0721820294641,RAB31,"RAB31, member RAS oncogene family",11031,Up
3780981,1.21782745107281,6.79518299837332,4.59930678142379,2.76082014688851e-05,0.000190436892050025,1.95241781546274,GREB1L,GREB1 like retinoic acid receptor coactivator,80000,Up
3790704,1.45099484960985,6.74086952333258,5.84476535785065,3.41016670179746e-07,4.39441794961055e-06,6.2319386867521,PMAIP1,phorbol-12-myristate-13-acetate-induced protein 1,5366,Up
3817698,1.63441552561335,6.48597614108066,9.33063275351512,1.10409211676669e-12,9.24036942287135e-11,18.6830040347975,UHRF1,ubiquitin like with PHD and ring finger domains 1,29128,Up
3822195,1.01414706741958,8.43889878893653,11.8459039709913,2.27366181001279e-16,8.62854656899855e-14,27.0443021979644,NACC1,nucleus accumbens associated 1,112939,Up
3822976,1.06742502927175,5.68201333202688,3.37791906736128,0.00139227305438107,0.00551571673865762,-1.792890693,CASP14,caspase 14,23581,Up
3824874,1.38509750337852,10.5409834895071,6.69218579335758,1.55051487216096e-08,3.06084151131254e-07,9.26606501648128,IFI30,IFI30 lysosomal thiol reductase,10437,Up
3826079,1.00996777467877,7.83003440089372,5.5217186883145,1.09131715760569e-06,1.19626404163639e-05,5.09409311935282,ZNF90,zinc finger protein 90,7643,Up
3830166,1.11033745024042,9.42085024345817,5.63961727221771,7.14810090692883e-07,8.33793582736675e-06,5.50766967259735,FXYD3,FXYD domain containing ion transport regulator 3,5349,Up
3833893,1.57039733338105,7.23856649727148,2.5127813407946,0.0151265522949864,0.0410138633364061,-3.991329579,CYP2B7P,"cytochrome P450 family 2 subfamily B member 7, pseudogene",1556,Up
3833926,1.21932574846643,6.5968799800019,2.9791021266027,0.0043902768993688,0.0145929303582009,-2.863282545,CYP2B6,cytochrome P450 family 2 subfamily B member 6,1555,Up
3834341,1.61843421346057,5.54687525694469,3.67047836896561,0.000572342931843351,0.00258788830583484,-0.953758894,CEACAM5,CEA cell adhesion molecule 5,1048,Up
3834379,1.75293666176385,7.0021952782042,3.19128908098036,0.00240609544804119,0.00874292013503227,-2.304993269,CEACAM6,CEA cell adhesion molecule 6,4680,Up
3838094,1.18832371893194,8.64531264398715,5.01762146038789,6.50974294814454e-06,5.53441297920469e-05,3.35335336128196,FTL,ferritin light chain,2512,Up
3839920,1.2022303868911,8.23361274786338,4.64074709506078,2.39699847990404e-05,0.000168401958318442,2.08908387614961,FPR3,formyl peptide receptor 3,2359,Up
3843662,1.07427247002317,9.93123135471713,5.10873980899468,4.72887582985868e-06,4.21918467332871e-05,3.66422895764572,ZNF587,zinc finger protein 587,84914,Up
3850457,1.21895656409787,7.9154339555312,8.28493406680762,4.61776881003006e-11,2.21925129427012e-09,14.9986530707254,AP1M2,adaptor related protein complex 1 subunit mu 2,10053,Up
3852565,1.78130863636341,7.3676655481257,9.00807304087968,3.45552057932994e-12,2.51021331589542e-10,17.5571191479734,ASF1B,anti-silencing function 1B histone chaperone,55723,Up
3854454,1.23387118213193,8.12641844644066,5.76178255335619,4.60281731427089e-07,5.69171976991104e-06,5.93831246690266,BST2,bone marrow stromal cell antigen 2,684,Up
3863576,1.28072927601879,9.23448567348609,10.7902044769365,7.29605773024851e-15,1.39646544956956e-12,23.6319256976052,PAFAH1B3,platelet activating factor acetylhydrolase 1b catalytic subunit 3,5050,Up
3864551,1.18846803136054,8.27801418161748,6.12937795178637,1.21344525110908e-07,1.82066417328984e-06,7.24479527098107,PLAUR,"plasminogen activator, urokinase receptor",5329,Up
3872441,1.19182291022059,7.72825553655694,3.81417287673725,0.000365106880757491,0.00176269931057484,-0.526653982,ZNF552,zinc finger protein 552,79818,Up
3876084,1.32441851035172,6.22940727182612,7.23450102271518,2.12260452381024e-09,5.72556962911608e-08,11.2237384493873,LAMP5,lysosomal associated membrane protein family member 5,24141,Up
3880827,1.85126878921629,6.69177075262306,11.0447139059625,3.12122002640336e-15,6.73540921580043e-13,24.4679970141429,GINS1,GINS complex subunit 1,9837,Up
3881443,2.45186740873273,6.79409728806619,12.0823981852167,1.06601133921761e-16,4.42716520519222e-14,27.7883740932113,TPX2,TPX2 microtubule nucleation factor,22974,Up
3884892,1.00647141280206,6.62726686220323,7.92020909511414,1.73331333842487e-10,6.96203647665509e-09,13.693646790043,FAM83D,family with sequence similarity 83 member D,81610,Up
3886223,1.31086336519027,7.64935568199873,6.7890882318932,1.08690349346069e-08,2.28936198991036e-07,9.61555685861615,MYBL2,MYB proto-oncogene like 2,4605,Up
3888835,1.10318314445593,9.55725368996669,4.68368223365101,2.06960623773391e-05,0.000148194486152775,2.23120367646994,PARD6B,par-6 family cell polarity regulator beta,84612,Up
3893458,1.05621852595531,10.4938678162541,6.76643338801262,1.18104515744697e-08,2.44093755498266e-07,9.53382634163291,PPDPF,pancreatic progenitor cell differentiation and proliferation factor,79144,Up
3896200,1.16078020790238,8.10408705495716,9.99567526977515,1.08758382692723e-13,1.34487683227502e-11,20.9692237074767,PCNA,proliferating cell nuclear antigen,5111,Up
3901361,3.44372049362856,7.03967867979057,8.87372319804471,5.57436302892967e-12,3.70686720935864e-10,17.0851899008027,CST1,cystatin SN,1469,Up
3901387,1.21765483652127,7.41197566229037,6.43484026765098,3.97885882015119e-08,6.83502206509444e-07,8.33958659427777,CST2,cystatin SA,1470,Up
3904566,1.06399081456933,8.03825141423544,8.27088564225294,4.85832742004414e-11,2.32470967049112e-09,14.9485431243174,DSN1,DSN1 component of MIS12 kinetochore complex,79980,Up
3910360,1.18165083365828,7.22110166901622,5.44137851076208,1.45451579925592e-06,1.53183479700584e-05,4.81351645727558,BCAS1,brain enriched myelin associated protein 1,8537,Up
3910785,1.73803048609304,6.50579949694624,7.75320920821799,3.18458461182672e-10,1.15860978332096e-08,13.0936695547366,AURKA,aurora kinase A,6790,Up
3912079,1.83411024121457,6.90958259604994,7.0358804860794,4.396600382596e-09,1.0622784963921e-07,10.5064788948345,SYCP2,synaptonemal complex protein 2,10388,Up
3930525,1.16513927779283,6.49812028482357,5.61529923055477,7.80108374500654e-07,8.94900127773107e-06,5.42219450059827,RUNX1-IT1,RUNX1 intronic transcript 1,80215,Up
3933559,1.1564743707027,8.49467861959657,2.52947421378968,0.014502330680174,0.0396711382491578,-3.953464806,TFF1,trefoil factor 1,7031,Up
3936913,1.07391266437185,6.5010380803294,6.81438891345248,9.90602234464149e-09,2.10668075196042e-07,9.70684692142527,CDC45,cell division cycle 45,8318,Up
3939470,3.11111013045428,8.63427807605468,11.7763248941751,2.84515445198403e-16,1.01007572004227e-13,26.8239564197807,MMP11,matrix metallopeptidase 11,4320,Up
3947227,1.16550245146185,6.86518426133052,4.3252364128086,6.94873669595894e-05,0.000423328656005403,1.06194202036579,SEPTIN3,septin 3,55964,Up
3959862,1.07438137556447,5.08967885278316,2.58502481611378,0.0125897407553956,0.0353144875451781,-3.826059358,PVALB,parvalbumin,5816,Up
3970024,1.21209564205131,7.80125769765409,2.38284720851389,0.0208791704365716,0.0536694406725889,-4.279291462,MAGEB17,MAGE family member B17,645864,Up
3978518,1.08522721129275,9.68751918893986,5.2421792023837,2.9532300495097e-06,2.81766565321881e-05,4.12269828767016,MAGED2,MAGE family member D2,10916,Up
3980560,1.06703724744579,6.5087928571682,7.68816703185762,4.03745314733631e-10,1.42875210974308e-08,12.8596565254146,KIF4A,kinesin family member 4A,24137,Up
3984655,1.68829135550585,5.53094900148449,10.3030979240958,3.78922569593356e-14,5.31239788491679e-12,22.008734057959,CENPI,centromere protein I,2491,Up
3995633,1.51614015134094,10.5785135287731,9.03358376514836,3.15618305398477e-12,2.35494051529691e-10,17.646537972181,BGN,biglycan,633,Up
4002809,1.12462251882384,7.78662135126516,8.47244080942141,2.34788391155299e-11,1.23931109777441e-09,15.6661268633392,APOO,apolipoprotein O,79135,Up
4035833,1.07382258461449,9.73448861400564,2.54482493916943,0.0139490246815353,0.0384029996579453,-3.918472322,CD24,CD24 molecule,100133941,Up
4045643,1.01392112585774,9.79799566528623,5.5591906114813,9.54176827958179e-07,1.06365747064976e-05,5.22531231147299,S100A16,S100 calcium binding protein A16,140576,Up
4045665,1.43880494964954,7.84567230887797,6.65949921873399,1.74784459584935e-08,3.37768282697454e-07,9.14824015457513,S100A14,S100 calcium binding protein A14,57402,Up
